<?xml version="1.0" encoding="UTF-8"?>
<project-private xmlns="http://www.netbeans.org/ns/project-private/1">
    <editor-bookmarks xmlns="http://www.netbeans.org/ns/editor-bookmarks/2" lastBookmarkId="0"/>
    <open-files xmlns="http://www.netbeans.org/ns/projectui-open-files/2">
        <group>
            <file>file:/C:/Users/USUARIO/Downloads/mvc/src/controlador/ControlPersona.java</file>
            <file>file:/C:/Users/USUARIO/Downloads/mvc/src/modelo/ModeloPersona.java</file>
            <file>file:/C:/Users/USUARIO/Downloads/mvc/src/mvc/Mvc.java</file>
            <file>file:/C:/Users/USUARIO/Downloads/mvc/src/vista/VistaPersonas.java</file>
        </group>
    </open-files>
</project-private>
